Arthur J. Lei's Film List,,,,,,
,,,,,,
Title,Date,Note,Film Index/Counter,Note,Genre,Sequel/Prequel Status
1984,Summer 2005,,1,,,0
8.50,Summer 2004,,2,,,0
101 Dalmations,Early 1990s,,3,,,0
12 Angry Men,Early 2000s,,4,,,
12 Monkeys,Summer 2004,,5,,,
2001: A Space Odyssey,Unknown,,6,,,
25th Hour,Summer 2004,,7,,,
28 Days Later,Time of Release,,8,,,
A Beautiful Mind,Time of Release,,9,,,
A Better Tomorrow,Summer 2005,,10,,,
A Better Tomorrow 2,Summer 2005,,11,,,
A Bridge Too Far,Summer 2005,,12,,,
A Day at the Races,Unknown,,13,,,
A Fish Called Wanda,Unknown,,14,,,
A Fistful of Dollars,Unknown,,15,,,
A Funny Thing Happened On the Way to the Forum,High School,,16,,,
A Night in Casablanca,High school,,17,,,
A Shot in the Dark,High school,,18,,,
A Trip to the Moon,High School,,19,,,
"A Very, Long Engagement",High School,,20,,,
Absence of Malice,Middle School,,21,,,
Adaptation,High School,,22,,,
AI: Artificial Intelligence,Unknown,,23,,,
Akira,High School,,24,,,
Aladdin,Elementary School,,25,,,
Aladdin II: The Return of Jafar,Elementary School,,26,,,1
Alice Doesn't Live Here Anymore,Middle School,,27,,,
Alien,High School,,28,,,
Alien vs. Predator,High School,,29,,,1
Aliens,High School,,30,,,
All About Eve,High School,,31,,,
All Quiet On the Western Front (1930),Middle School,,32,,,
All Through The Night,Middle School,,33,,,
Amelie,High School,,34,,,
American Beauty,High School,,35,,,
And Now For Something Completely Different,High School,,36,,,
Animal Crackers,High School,,37,,,
Animal House,High School,,38,,,
Annie Hall,High School (junior year),,39,,,
Apocalypse Now: Redux,High School,,40,,,
Armageddeon,High School,,41,,,
Arsenic and Old Lace,High School,,42,,,
As Good As It Gets,Elementary School,,43,,,
Bananas,Middle School,,44,,,
Batman,High School,,45,,,
Batman (1966),High School,,46,,,
Batman and Robin,Elementary School,,47,,,1
Batman Forever,Elementary School,,48,,,1
Batman Returns,High School,,49,,,1
Batman: Mask of the Phantasm,Elementary School,,50,,,
Battlefield Earth,High School,,51,,,
Bean: the Movie,Elementary School,,52,,,
Beauty and the Beast,Elementary School,,53,,,
Becket,High School,,54,,,
Beethoven,Elementary School,,55,,,
Being John Malkovich,High School,,56,,,
Ben-Hur,Middle School,,57,,,
Better Luck Tomorrow,High School,,58,,,
Bicentennial Man,Middle School,,59,,,
Big Fish,Time of Release,,60,,,
Blade Runner,High School,,61,,,
Blazing Saddles,High School,,62,,,
Bowling for Columbine,Summer 2005,,63,,,
Bram Stoker's Dracula,Summer 2006,,64,,,
Brazil,High School,,65,,,
Breakfast at Tiffany's,Spring 2005,,66,,,
Bridge on The River Kwai,High School,,67,,,
Buck Rogers in the 25th Century,Middle School,,68,,,
Bulletproof Monk,Time of Release,,69,,,
Butch Cassidy and the Sundance Kid,Middle School,,70,,,
Bwana Devil,Middle School,,71,,,
Captain America,Middle School,,72,,,
Casablanca,1990s,,73,,,
Casino Royale,Summer 2005,,74,,,2
Cat on A Hot Tin Roof,Summer 2005,,75,,,
Catch-22,Summer 2003,,76,,,
Charlie and The Chocolate Factory,Unknown,,77,,,
Charlie's Angels,Summer 2001,,78,,,
Chicago,Time of Release,,79,,,
Chicken Run,Time of Release,,80,,,
Chinatown,Summer 2004,,81,,,
Chitty-Chitty Bang Bang,Unknown,,82,,,
Citizen Kane,Unknown,,83,,,
City of God,Summer 2004,,84,,,
Clash of the Titans,Unknown,,85,,,
Collateral,Time of Release,,86,,,
Cool Hand Luke,1990s,,87,,,
Cowboy Bebop: The Movie,Fall 2005,,88,,,
"Crouching Tiger, Hidden Dragon",Time of Release,,89,,,
Cyrano De Bergerac-(1950),High School,,90,,,
Dances with Wolves,Middle School,,91,,,
Dante's Peak,Winter 1990,,92,,,
Daredevil,Time of Release,,93,,,
Das Boot,Spring 2005,,94,,,
Dead Men Don't Wear Plaid,2001 or 2000,,95,,,
Dead Poets Society,Early 1990s,,96,,,
Deadly China Hero,Fall 1999,,97,,,1
Death on the Nile,Late 1990s,,98,,,1
De-Lovely,July 2004,,99,,,
Dennis the Menace,Unknown,,100,,,
Desperado,Fall 2004,,101,,,1
Dick Tracy,Unknown,,102,,,
Die Another Day,Time of Release,,103,,,2
Die Hard,Summer 2004,,104,,,
Dirty Harry,Summer 2004,,105,,,
Dirty Pretty Things,Summer 2004,,106,,,
Dogma,Summer 2004,,107,,,
Donnie Brasco,Fall 2005,,108,,,
Double Indemnity,Unknown,,109,,,
Downfall,Spring 2005,,110,,,
Dr Strangelove,Unknown,,111,,,
Dr. No,Unknown,,112,,,2
Dracula (1931),Unknown,,113,,,
Dragonheart,Unknown,,114,,,
Dreams,Unknown,,115,,,
Dressed to Kill,1997 or 1999,,116,,,2
Driving Miss Daisy,June 1999,First film I watched on DVD,117,,,
Drunken Master,Summer 2004,,118,,,
Duck Soup,Unknown,,119,,,
Dumbo,Unknown,,120,,,
El Dorado,Unknown,,121,,,
Enemy at the Gates,Fall 2004,,122,,,
Enter the Dragon,Summer 2004,,123,,,
Equilibrium,Spring 2005,,124,,,
ET: The Extra-Terrestrial,Unknown,,125,,,
Eternal Sunshine of the Spotless Mind,Time of Release,,126,,,
Evil Under the Sun,Unknown,,127,,,
Evolution,Time of Release,,128,,,
Excalibur,Summer 2004,,129,,,
Face-Off,Winter 1998,,130,,,
Fantasia,Unknown,,131,,,
Farenheit 9/11,Time of Release,,132,,,
Fargo,Summer 2004,,133,,,
Ferris Bueller's Day Off,May 2003,,134,,,
Final Fantasy: The Movie,Time of Release,,135,,,
Finding Nemo,Summer 2004,,136,,,
For a Few Dollars More,Unknown,,137,,,
For Your Eyes Only,Summer 2005,,138,,,
Forbidden Planet,Unknown,,139,,,
"From Russia, With Love",Summer 2005,,140,,,
Gattaca,Fall 2001,,141,,,
Get Shorty,Summer 2004,,142,,,
Ghost in the Shell,Early 2000s,,143,,,
Ghostbusters,Unknown,,144,,,
Ghostbusters II,Unknown,,145,,,
Gladiator,Early 2000s,,146,,,
Glory,Early 2000s,,147,,,
G-Men,Fall 2001,,148,,,
Godzilla (1985),Early 1990s,,149,,,
Godzilla (1998),Time of Release,,150,,,
Godzilla 2000,Time of Release,,151,,,
Godzilla vs. Biolante,Unknown,,152,,,
Godzilla vs. Gigan,Mid 1990s,,153,,,
Godzilla vs. Mecha-Godzilla,Mid 1990s,,154,,,
Godzilla vs. Megalon,Mid 1990s,,155,,,
Goldeneye,Fall 1998,,156,,,
Goldfinger,Summer 2004,,157,,,
Gone With The Wind,Summer 2004,,158,,,
Goodfellas,Fall 2004,,159,,,
Grease,Late 1990s,,160,,,
Gremlins,Late 1990s,,161,,,
Gremlins 2,Late 1990s,,162,,,
Grumpy Old Men,Mid 1990s,,163,,,
Guess Who's Coming to Dinner,Unknown,,164,,,
Happy Gilmore,Unknown,,165,,,
Hard-Boiled,Summer 2005,,166,,,
Harvey,Unknown,,167,,,
Hellboy,Time of Release,,168,,,
Hero,Time of Release,,169,,,
Hidalgo,Unknown,,170,,,
Hidden Fortress,Unknown,,171,,,
High Noon,Unknown,,172,,,
His Girl Friday,Unknown,,173,,,
Home Alone,Unknown,,174,,,
"Honey, I Shrunk the Kids",Unknown,,175,,,
How The West Was Won,Late 1990s,,176,,,
I Like Trouble,Late 1990s,,177,,,
"I, Robot",Time of Release,,178,,,
Imitation of Life,Spring 2005,,179,,,
In America,Time of Release,,180,,,
In the Heat of the Night,Spring 2005,,181,,,
Independence Day,Time of Release,,182,,,
Indian Jones and the Last Crusade,Late 1990s,,183,,,
Indiana Jones and the Temple of Doom,Early 1990s,,184,,,
Inherit the Wind,Spring 2005,,185,,,
Iron Monkey,Time of Release,,186,,,
It Happened One Night,Summer 2004,,187,,,
"It's A Mad, Mad World",Late 1990s,,188,,,
Jack,Late 1990s,,189,,,
Jackie Brown,Summer 2004,,190,,,
James and the Giant Peach,Time of Release,,191,,,
Jason and the Argonauts,Unknown,,192,,,
Jaws,Late 1990s,,193,,,
Jingle All The Way,Winter 1997,,194,,,
Joe Somebody,Early 2000s,,195,,,
Judgement at Nuremberg,Early 2000s,,196,,,
Jungle to Jungle,Late 1990s,,197,,,
Jurassic Park,Time of Release,,198,,,
Jurassic Park III,Time of Release,,199,,,
Kagemushu,June 2005,,200,,,
Key Largo,Unknown,,201,,,
"Kill Bill, vol 1",Time of Release,,202,,,
"Kill Bill, vol 2",Time of Release,,203,,,
King Arthur,Time of Release,,204,,,
King Kong (1933),"Unknown (Really, really early 1990s perhaps)",,205,,,
Kinsey,Time of Release,,206,,,
Kiss Me Deadly,Summer 2004,,207,,,
Kundun,Late 1990s,,208,,,
LA Confidential,Summer 2004,,209,,,
"Lara Croft, Tomb Raider, the Cradle of Life",Summer 2005,,210,,,
Laura,Summer 2004,,211,,,
Lawrence of Arabia,Early 2000s,,212,,,
League of Extraordinary Gentlemen,Time of Release,,213,,,
Leon The Professional (Film 560),Summer 2005,,214,,,
Life is Beautiful,Middle School,,215,,,
Lillies of the Field,High School,,216,,,
Lost Horizon,Middle School,,217,,,
Lost in Space,Time of Release,,218,,,
Lost in Translation,High School,,219,,,
Lust for Life,High School,,220,,,
Mafia,Middle School,,221,,,
Magnolia,Summer 2005,,222,,,
Magnum Force,Summer 2004,,223,,,
Maria Full of Grace,Time of Release,,224,,,
Marty,High School,,225,,,
Mary Poppins,Elementary School,,226,,,
MASH,High School,,227,,,
Matchstick Men,Time of Release,,228,,,
Matilda,Time of Release,,229,,,
Matrix Reloaded,Time of Release,,230,,,
Mean Girls,Time of Release,,231,,,
Memento,Summer 2005,,232,,,
Men in Black,Time of Release,,233,,,
Men in Black II,Time of Release,,234,,,
Metropolis (1927),Summer 2005,,235,,,
Michael,,,236,,,
Million-Dollar Baby,,,237,,,
Minority Report,,,238,,,
Miss Congeniality,,,239,,,
Mission Impossible,,,240,,,
Mission Impossible II,,,241,,,
Mission to Mars,,,242,,,
Mister Roberts,,,243,,,
Monster,,,244,,,
"Monsters, Inc.",,,245,,,
Monty Python and the Holy Grail,,,246,,,
Mr. Nice Guy,,,247,,,
Mr. Smith Goes to Washington,,,248,,,
Mrs. Doubtfire,,,249,,,
Mulholland Drive,,,250,,,
Murder on the Orient Express,,,251,,,
"Murder, My Sweet",,,252,,,
My Darling Clementine,,,253,,,
My Fair Lady,,,254,,,
My Left Foot,,,255,,,
My Man Godfrey,,,256,,,
Mystery Men,,,257,,,
Mystic River,,,258,,,
National Lampoon's Christmas Vacation,,,259,,,
Network,,,260,,,
Newsies,,,261,,,
Night of the Hunter,,,262,,,
Night of the Living Dead,,,263,,,
Nobody Knows My Name,,,264,,,
North by Northwest,,,265,,,
Notorious,,,266,,,
"O, Brother Where Art Thou?",,,267,,,
Ocean's 11 (The Remake),,,268,,,
Ocean's 12,,,269,,,
Oh God,,,270,,,
On the Waterfront,,,271,,,
Once Upon A Time In America,,,272,,,
Once Upon A Time in China,,,273,,,
Once Upon A Time in China and America,,,274,,,
Once Upon A Time In China II,,,275,,,
Once Upon A Time in China III,,,276,,,
Once Upon A Time In Mexico,,,277,,,
Once Upon A Time In the West,,,278,,,
Our Hospitality,,,279,,,
Out of Sight,,,280,,,
Out of the Past,,,281,,,
Papillon,,,282,,,
Paths of Glory,,,283,,,
Patton,,,284,,,
Pi,,,285,,,
Pinocchio,,,286,,,
Pirates of the Caribbean,,,287,,,
Pitch Black,,,288,,,
Planet of the Apes (Original),,,289,,,
Planet of the Apes (Remake),,,290,,,
Pleasantville,,,291,,,
Princess Mononoke,,,292,,,
Project A,,,293,,,
Psycho,,,294,,,
Pulp Fiction,,,295,,,
Quo Vadis,,,296,,,
Raiders of the Lost Ark,,,297,,,
Ran,,,298,,,
Rashomon,,,299,,,
Rear Window,,,300,,,
Remember the Titans,,,301,,,
Resevoir Dogs,,,302,,,
Resident Evil ,,,303,,,
Revenge of the Creature From the Black Lagoon,,,304,,,
Rififfi,,,305,,,
Rio Bravo,,,306,,,
Road to Perdition,,,307,,,
Robocop,,,308,,,
Robocop 3,,,309,,,
Rocky I,,,310,,,
Rocky II,,,311,,,
Rocky III,,,312,,,
Romeo and Juliet ,,,313,,,
Rush Hour,,,314,,,
Rush Hour 2,,,315,,,
Saboteur,,,316,,,
Sanjuro,,,317,,,
Saving Private Ryan,,,318,,,
Scarface (1932),,,319,,,
Scarface (1983),,,320,,,
Seven Samurai,,,321,,,
Seven Years In Tibet,,,322,,,
Shane,,,323,,,
Shanghai Knights,,,324,,,
Shanghai Noon,,,325,,,
Shaun of the Dead,,,326,,,
She,,,327,,,
Sherlock Holmes and The Secret Weapon,,,328,,,
"Sherlock, Jr.",,,329,,,
Shrek,,,330,,,
Shrek 2,,,331,,,
Sideways,,,332,,,
Signs,,,333,,,
Singin' in the Rain,,,334,,,
Sister Act,,,335,,,
Sky Captain and the World of Tomorrow,,,336,,,
Sleeper,,,337,,,
Sleepy Hollow,,,338,,,
Snake in Eagle's Shadow,,,339,,,
Some Like it Hot,,,340,,,
Space Cowboys,,,341,,,
Spaceballs,,,342,,,
Spartacus,,,343,,,
Spartan,,,344,,,
Spiderman,,,345,,,
Spiderman 2,,,346,,,
Spirited Away,,,347,,,
Stage Coach,,,348,,,
Stalag 17,,,349,,,
Stand and Deliver,,,350,,,
Star Trek: Insurrection,,,351,,,
Star Wars: A New Hope,,,352,,,
Star Wars: Attack of the Clones,,,353,,,
Star Wars: The Empire Strikes Back,,,354,,,
Star Wars: The Phantom Menace,,,355,,,
Star Wars: The Return of the Jedi,,,356,,,
Sudden Impact,,,357,,,
"Suddenly, Last Summer",,,358,,,
Sullivan's Travels,,,359,,,
Sunset Boulevard,,,360,,,
Super Cop ,,,361,,,
Super Cop II,,,362,,,
Super Size Me,,,363,,,
Superman ,,,364,,,
Superman II,,,365,,,
Superman III,,,366,,,
Superman IV,,,367,,,
T2: Judgment Day,,,368,,,
T3: Rise of the Machines,,,369,,,
Tarzan: The Legend of Greystoke,,,370,,,
Team America,,,371,,,
Teenage Mutant Ninja Turtles,,,372,,,
Terror By Night,,,373,,,
The Accidental Spy,,,374,,,
The Adventures of Captain Marvel,,,375,,,
The African Queen,,,376,,,
The Apartment,,,377,,,
The Asphalt Jungle,,,378,,,
The Aviator,,,379,,,
The Big Heat,,,380,,,
The Big Red One,,,381,,,
The Big Sleep,,,382,,,
The Blob,,,383,,,
The Boondock Saints,,,384,,,
The Bourne Identity,,,385,,,
The Bourne Supremacy,,,386,,,
The Brotherhood of the Wolf,,,387,,,
The Caine Mutiny,,,388,,,
The Clearing,,,389,,,
The Corporation,,,390,,,
The Cotton Club,,,391,,,
The Creature From The Black Lagoon,,,392,,,
The Day The Earth Stood Still,,,393,,,
The Dirty Dozen,,,394,,,
The Enforcer ,,,395,,,
The Exorcist,,,396,,,
The FBI Story,,,397,,,
The Fifth Element,,,398,,,
The Flight of the Phoenix,,,399,,,
The Fog of War,,,400,,,
The General ,,,401,,,
The Godfather,,,402,,,
"The Godfather, Part II",,,403,,,
"The Godfather, Part III",,,404,,,
"The Good, the Bad, and the Ugly",,,405,,,
The Graduate,,,406,,,
The Great Dictator,,,407,,,
The Great Escape,,,408,,,
The Great Mouse Detective,,,409,,,
The Great Train Robbery,,,410,,,
The Great White Hope,,,411,,,
The Green Mile,,,412,,,
The Guns of Navarone,,,413,,,
The Hobbit,,,414,,,
The Horse's Mouth,,,415,,,
The Hound of the Baskervilles (1940),,,416,,,
The Hound of the Baskervilles (1959),,,417,,,
The Hours,,,418,,,
The Hulk,,,419,,,
The Incredibles,,,420,,,
The Invasion of the Body Snatchers,,,421,,,
The Jungle Book,,,422,,,
The Kid Stays In the Picture,,,423,,,
The Killers ,,,424,,,
The Kiss of the Dragon,,,425,,,
The Lady in the Lake,,,426,,,
The Lady Vanishes,,,427,,,
The Land Before Time,,,428,,,
The Last Emperor,,,429,,,
The Last Samurai,,,430,,,
The Last Temptation of Christ,,,431,,,
The Legend of Drunken Master,,,432,,,
The Life of Brian,,,433,,,
The Lion King,,,434,,,
The Little Mermaid,,,435,,,
The Little Tramp et all of Chaplin's Shorts,,,436,,,
The Littlest Viking,,,437,,,
The Living Daylights,,,438,,,
The Long Goodbye,,,439,,,
The Longest Day,,,440,,,
The Lord of the Rings (Animated),,,441,,,
The Lord of the Rings (The Whole Trilogy),,,442,,,
The Lost World ,,,443,,,
The Lost World (1925),,,444,,,
The Magnificent Seven,,,445,,,
The Maltese Falcon,,,446,,,
The Man in White,,,447,,,
The Man Who Wasn't There,,,448,,,
The Man Who Would Be King,,,449,,,
The Man with The Golden Gun,,,450,,,
The Manchurian Candidate,,,451,,,
The Manchurian Candidate (Remake),,,452,,,
The Mask of Fu Manchu,,,453,,,
The Mask of Zorro,,,454,,,
The Masked Marvel,,,455,,,
The Master,,,456,,,
The Matrix ,,,457,,,
The Matrix Revolutions,,,458,,,
The Medallion,,,459,,,
The Mighty Ducks,,,460,,,
The Mothman Prophecies,,,461,,,
The Mummy ,,,462,,,
The Mummy (1935),,,463,,,
The Mummy Returns,,,464,,,
The Neverending Story,,,465,,,
The Neverending Story II,,,466,,,
The Neverending Story III,,,467,,,
The Odd Couple,,,468,,,
The Odd Couple II,,,469,,,
The One,,,470,,,
The Outlaw Josey Wales,,,471,,,
The Pearl of Death,,,472,,,
The Petrified Forest,,,473,,,
The Pink Panther,,,474,,,
The Power of One,,,475,,,
The Private Life of Sherlock Holmes,,,476,,,
The Producers,,,477,,,
The Reivers,,,478,,,
The Return of the Magnificent Seven,,,479,,,
The Return of the Pink Panther,,,480,,,
The Rock,,,481,,,
The Scarlet Claw,,,482,,,
The Searchers,,,483,,,
The Secret Life of Walter Mitty,,,484,,,
The Seventh Seal,,,485,,,
The Shadow,,,486,,,
The Shootist,,,487,,,
The Silence of the Lambs,,,488,,,
The Sixth Day,,,489,,,
The Sixth Sense,,,490,,,
The Son of the Pink Panther,,,491,,,
The Spy Who Loved Me,,,492,,,
The Sting,,,493,,,
The Strange of Case of Dr. Jekyll and Mr. Hyde (Tracy),,,494,,,
The Sunshine Boys,,,495,,,
The Terminal,,,496,,,
The Terminator,,,497,,,
The Thin Man,,,498,,,
The Thing From Another World,,,499,,,
The Third Man,,,500,,,
The Triumph of Sherlock Holmes,,,501,,,
The Tuxedo,,,502,,,
The Untouchables,,,503,,,
The Usual Suspects,,,504,,,
The Wild Bunch,,,505,,,
The Winslow Boy,,,506,,,
The Wizard of Oz,,,507,,,
The Woman in Green,,,508,,,
The World is Not Enough,,,509,,,
The X-Files Movie,,,510,,,
Them,,,511,,,
Things to Come,,,512,,,
Thirteen Days,,,513,,,
This Gun For Hire,,,514,,,
Three Godfathers,,,515,,,
Thumb Wars,,,516,,,
THX-1138,,,517,,,
Time Bandits,,,518,,,
Titan AE,,,519,,,
Titanic,,,520,,,
To Be or Not to Be,,,521,,,
To Catch A Thief,,,522,,,
To Have and Have Not,,,523,,,
To Kill A Mockingbird,,,524,,,
Tomb Raider,,,525,,,
Tomorrow Never Dies,,,526,,,
Tootsie,,,527,,,
Topper,,,528,,,
Tora! Tora! Tora!,,,529,,,
Touch of Evil,,,530,,,
Toy Story,,,531,,,
Toy Story 2,,,532,,,
Traffic,,,533,,,
Treasure of Sierra Madre,,,534,,,
Troy,,,535,,,
True Grit,,,536,,,
True Romance,,,537,,,
Twelfth Night,,,538,,,
Twilight Samurai,,,539,,,
Twilight Zone: The Movie,,,540,,,
Two Jakes,,,541,,,
UHF,,,542,,,
Unbreakable ,,,543,,,
Underworld,,,544,,,
Unforgiven,,,545,,,
Vera Cruz,,,546,,,
Vertigo,,,547,,,
Waking Life,,,548,,,
War of the Worlds,,,549,,,
Way of the Dragon,,,550,,,
Whale Rider,,,551,,,
Where Eagles Dare,,,552,,,
Who Am I,,,553,,,
Who Framed Roger Rabbit?,,,554,,,
Wild Wild West,,,555,,,
X-Men,,,556,,,
X-Men 2,,,557,,,
Yellow Submarine,,,558,,,
Yojimbo,,,559,,,
You Only Live Twice,,,560,,,
Young Frankenstein,,,561,,,
Young Mr. Lincoln,,,562,,,
Young Sherlock Holmes,,,563,,,
Sin City,April 2005,,564,,,
Mulholland Falls,May 2005,,565,,,
Hearts in Atlantis,May 2005,,566,,,
Training Day,May 2005,,567,,,
One Flew Over the Cuckoo's Nest,May 2005,,568,,,
The Ladykillers (original),May 2005,,569,,,
Resident Evil: Apocalypse,May 2005,,570,,,
The Hitchhiker's Guide to the Galaxy,May 2005,,571,,,
Kung-Fu Hustle,May 2005,,572,,,
Crash,May 2005,,573,,,
The Interpreter,May 2005,,574,,,
Star Wars: Revenge of the Sith,May 2005,,575,,,
Naitonal Treasure,May 2005,,576,,,
Unleashed,June 2005,,577,,,
Miller's Crossing,June 2005,,578,,,
Batman Begins,June 2005,,579,,,
The 39 Steps,July 2005,,580,,,
War of the Worlds (2005),July 2005,,581,,,
The Quick and the Dead,July 2005,,582,,,
Master and Commander,July 2005,,583,,,
Mr. And Mrs. Smith,July 2005,,584,,,
Frankenstein (1931),July 2005,,585,,,
Saving Face,July 2005,,586,,,
Dark City,July 2005,,587,,,
Bride of Frankenstein,July 2005,,588,,,
From Dusk Till Dawn,July 2005,,589,,,
The March of the Penguins,July 2005,,590,,,
The Island,July 2005,,591,,,
21 Grams,July 2005,,592,,,
Beauty and the Beast (Cocteau version),July 2005,,593,,,
Wedding Crashers,August 2005,,594,,,
Four Rooms,August 2005,,595,,,
Master of the Flying Guillotine,August 2005,,596,,,
Hustle and Flow,August 2005,,597,,,
Moonraker,August 2005,In Durham,598,In Durham,,
Afterlife,August 2005,,599,,,
The Birds,September 2005,,600,,,
Tres Noches,September 2005,,601,,,
Shiri,September 2005,,602,,,
Alien 3,September 2005,,603,,,
Piece Touchee,October 2005,,604,,,
Duck Amuck,October 2005,,605,,,
Secondary Currents: A Film Noir,October 2005,,606,,,
Conventional Space,October 2005,,607,,,
Variations on a Cellophane Wrapper,October 2005,,608,,,
Ballet Mecanique,October 2005,,609,,,
A Movie,October 2005,,610,,,
La Jettee,October 2005,,611,,,
Hardwood Process,October 2005,,612,,,
The Battleship Potemkin,October 2005,,613,,,
The Atomic Caf√©,October 2005,,614,,,
Melinda and Melinda,November 2005,,615,,,
Roger and Me,November 2005,,616,,,
Robot Stories,November 2005,,617,,,
Yellow Earth,November 2005,,618,,,
Good Night and Good Luck,November 2005,,619,,,
Harry Potter and the Goblet of Fire,November 2005,,620,,,
"Lock,Stock and Two Smoking Barrels",November 2005,,621,,,
Syriana,December 2005,,622,,,
Peter Jackson's King Kong,January 2006,,623,,,
Brokeback Mountain,January 2006,,624,,,
Stealth,January 2006,,625,,,
The Devil and Daniel Webster,January 2006,,626,,,
The Transporter,January 2006,,627,,,
Casino,January 2006,,628,,,
Broken Flowers,January 2006,,629,,,
The Shawshank Redemption,January 2006,,630,,,
Harold and Kumar Go To White Castle,January 2006,,631,,,
The Aristocrats,January 2006,,632,,,
The Life Aquatic with Steve Zissou,February 2006,,633,,,
Wallace and Gromit: The Curse of the Were-Rabbit,February 2006,,634,,,
The Constant Gardener,February 2006,,635,,,
Kontroll,February 2006,,636,,,
La Macchina Amazzacattivi,February 2006,"Surreal comedy, parable feel",637,"Surreal comedy, parable feel",,
"Ryan (Short film, Academy Award)",February 2006,,638,,,
"Birthday Boy (Animated short, Academy Award)",February 2006,,639,,,
"Gopher Broke (Animated Short, Academy Award)",February 2006,,640,,,
"Wasp (Short film, Academy Award)",February 2006,,641,,,
"Two Cars, One Night (Short Film, Academy Award)",February 2006,,642,,,
"7:35 de la Manana (Short Film, Academy Award)",February 2006,,643,,,
"Little Terrorist (Short Film, Academy Award)",February 2006,,644,,,
Serenity,March 2006,,645,,,
Me and You and Everyone We Know,March 2006,,646,,,
The 40 Year Old Virgin,March 2006,,647,,,
Luce dei miei occhi,March 2006,,648,,,
Capote,March 2006,,649,,,
Munich,March 2006,,650,,,
United 93,May 2006,First film I saw of the Summer 2006 Season,651,First film I saw of the Summer 2006 Season,,
Mission Impossible III,May 2006,,652,,,
The Da Vinci Code,May 2006,,653,,,
X-Men 3: The Last Stand,May 2006,,654,,,
Prizzi's Honor,May 2006,,655,,,
Ong-Bak: The Thai Warrior,May 2006,,656,,,
A Prairie Home Companion: The Movie,June 2006,,657,,,
Giulietta Degli Spiriti,June 2006,,658,,,
A History of Violence,June 2006,,659,,,
Taxi Driver,June 2006,,660,,,
Shaolin Soccer,June 2006,,661,,,
An Incovenient Truth,July 2006,,662,,,
Everything is Illuminated,July 2006,,663,,,
Superman Returns,July 2006,,664,,,
Silverado,July 2006,,665,,,
The Battle of Algiers,July 2006,,666,,,
Underworld: Evolution,July 2006,,667,,,
Pirates of the Caribbean 2: Dead Man's Chest,July 2006,,668,,,
V for Vendetta,July 2006,,669,,,
Behind Enemy Lines,July 2006,Last movie I saw as a 19 year old,670,Last movie I saw as a 19 year old,,
Baadshah,July 2006,"First movie when I turned 20 on July 23, 2006, First Bollywood flick",671,"First movie when I turned 20 on July 23, 2006, First Bollywood flick",,
In The Mood For Love,July 2006,,672,,,
Murder By Decree,August 2006,First film I saw where Sherlock met Jack,673,First film I saw where Sherlock met Jack,,
Bullitt,August 2006,"First Steve McQueen movie I've seen since I was 20, great car chase",674,"First Steve McQueen movie I've seen since I was 20, great car chase",,
World Trade Center,August 2006,First Oliver Stone film,675,First Oliver Stone film,,
Snatch,August 2006,Second Guy Ritchie Film I've Seen,676,Second Guy Ritchie Film I've Seen,,
Miami Vice,August 2006,Second Michael Mann film I've seen,677,Second Michael Mann film I've seen,,
Inside Man,August 2006,2nd Spike Lee film I've seen,678,2nd Spike Lee film I've seen,,
Punch-Drunk Love,August 2006,,679,,,
Shaft,August 2006,,680,,,
Three Ages (1923),August 2006,,681,,,
The Goat (1921),August 2006,,682,,,
My Wife's Relations (1921),August 2006,,683,,,
Shaft's Big Score,August 2006,,684,,,
Grave of the Fireflies,August 2006,,685,,,
Little Miss Sunshine,August 2006,Last film I saw I a theatre in 2006 Summer movie season,686,Last film I saw I a theatre in 2006 Summer movie season,,
2046,September 2006,,687,,,
Brick,September 2006,,688,,,
Thank You For Smoking,September 2006,,689,,,
La casa con le finistre che ridono,November 2006,,690,,,
Pinocchio,November 2006,My favorite film adaptation of Pinocchio,691,My favorite film adaptation of Pinocchio,,
I Vitelloni,November 2006,First film I watched in 2006 Thanksgiving Break,692,First film I watched in 2006 Thanksgiving Break,,
Alien Resurrection,November 2006,First film I watched the first Thanksgiving from home,693,First film I watched the first Thanksgiving from home,,
City of Lost Children,December 2006,"Film watched during Epic Library Stay, Third film I can remember with Ron Perlman",694,"Film watched during Epic Library Stay, Third film I can remember with Ron Perlman",,
Casino Royale (2006),December 2006,"First Bond film I've seen that I really really liked, third film I've seen with Daniel Craig",695,"First Bond film I've seen that I really really liked, third film I've seen with Daniel Craig",,
Ultraviolet,December 2006,Fourth film I've seen with Milla Jovovich,696,Fourth film I've seen with Milla Jovovich,,
Apocalypto,December 2006,First film I recall seeing that was directed by Mel Gibson,697,First film I recall seeing that was directed by Mel Gibson,,
The Good Shepherd,December 2006,First film I've seen directed by Robert DeNiro,698,First film I've seen directed by Robert DeNiro,,
Ghost in the Shell 2: Innocence,December 2006,Second Japanese animated film I watched in its original language,699,Second Japanese animated film I watched in its original language,,
Total Recall,January 2007,New Year's Film,700,New Year's Film,,
The Brothers Grimm,January 2007,"Fourth Terry Gilliam film I've seen, first film I saw on Blu-Ray DVD",701,"Fourth Terry Gilliam film I've seen, first film I saw on Blu-Ray DVD",,
Stray Dog,January 2007,First Kurosawa film I've seen that was not set in Feudal Japan,702,First Kurosawa film I've seen that was not set in Feudal Japan,,
The Corpse Bride,January 2007,"A touching, sappy, stop-motion love-story",703,"A touching, sappy, stop-motion love-story",,
Children of Men,January 2007,First film of 2007 year seen in the theatre,704,First film of 2007 year seen in the theatre,,
Happy N'Ever After,January 2007,"No where near Passable but lacking gravitas, that magical touch",705,"No where near Passable but lacking gravitas, that magical touch",,
Renaissance,January 2007,It looked cool. Lovely chiaroscuro,706,It looked cool. Lovely chiaroscuro,,
They Live,April 2007,"One of the first films I've watched with Andrew ""The Enforcer"" Hom",707,"One of the first films I've watched with Andrew ""The Enforcer"" Hom",,
The Departed,May 2007,One of my favorite Scorsese films,708,One of my favorite Scorsese films,,
Pan's Labyrinth,May 2007,AMAZING. Great parallelism,709,AMAZING. Great parallelism,,
Spiderman 3,June 2007,"I forgive you, Sam Raimi. It's very hard, but if I can salvage my $6.50 in some way, I can learn this lesson. ",710,"I forgive you, Sam Raimi. It's very hard, but if I can salvage my $6.50 in some way, I can learn this lesson. ",,
300,June 2007,"Solid, colorful, delightfully melodramatic and homoerotic",711,"Solid, colorful, delightfully melodramatic and homoerotic",,
Pane e tulipani,June 2007,2nd film with Bruno Ganz I've seen,712,2nd film with Bruno Ganz I've seen,,
The Conformist (Il conformista),June 2007,I watched half of this without sottotitoli,713,I watched half of this without sottotitoli,,
The Triplets of Belleville,June 2007,"First film I've watched with Deb, animated film in French, a wonderful slice of a world",714,"First film I've watched with Deb, animated film in French, a wonderful slice of a world",,
Knocked Up,June 2007,"Good with the right people, annoying implausible with the wrong people",715,"Good with the right people, annoying implausible with the wrong people",,
The Whole Nine Yards,June 2007,"Quirky, Tarantino",716,"Quirky, Tarantino",,
The Bourne Ultimatum,August 2007,Gourmet popcorn filler,717,Gourmet popcorn filler,,
Rush Hour 3,August 2007,Passable but not stunning,718,Passable but not stunning,,
Oceans 13,August 2007,,719,,,
The Simpsons Movie,August 2007,,720,,,
Hot Fuzz,August 2007,,721,,,
Killshot,August 2007,Preview cut is the version that I saw! This was the first genuine movie preview that I've seen,722,Preview cut is the version that I saw! This was the first genuine movie preview that I've seen,,
Fearless,September 2007,,723,,,
The Invasion,October 2007,,724,,,
Paris Je t'aime,October 2007,,725,,,
The Lives of Others,November 2007,"The movie that ""Aileen"" sent me to see",726,"The movie that ""Aileen"" sent me to see",,
Amandla!,November 2007,,727,,,
Robin Hood Men in Tights,November 2007,,728,,,
Harry Potter and the Order of the Phoenix,November 2007,,729,,,
Away from Her,November 2007,,730,,,
The Host,November 2007,,731,,,
Ratatouille,November 2007,Film that made me wish I could cook,732,,,
Superbad,November 2007,,733,,,
Sicko,November 2007,,734,,,
Radio Freccia,December 2007,,735,,,
Stardust,December 2007,,736,,,
Letters from Iwo Jima,December 2007,,737,,,
No Country for Old Men,December 2007,,738,,,
Agata e La Tempesta,December 2007,,739,,,
The Golden Compass,December 2007,Bears. Armored Bears. Armored Fuckin' polar bears,740,Bears. Armored Bears. Armored Fuckin' polar bears,,
National Treasure 2: Book of Secrets,December 2007,,741,,,
Why We Fight,December 2007,,742,,,
CSA: Confederate States of America,December 2007,,743,,,
Il gattopardo,January 2008,The transition film between 2007 to 2008,744,The transition film between 2007 to 2008,,
Le samourai,January 2008,First film of 2008,745,First film of 2008,,
Gone Baby Gone,January 2008,,746,,,
3:10 to Yuma,January 2008,,747,,,
Eastern Promises,February 2008,,748,,,
Ossessione,February 2008,,749,,,
Roma Citta' Aperta,February 2008,First Rossellini film I ever saw,750,First Rossellini film I ever saw,,
I ladri di biciclette,February 2008,,751,,,
Riso Amaro,February 2008,,752,,,
American Gangster,February 2008,,753,,,
La Strada,February 2008,,754,,,
"Lust, Caution",February 2008,"Saw this the day after Aalok died, had to get away from the mourners, from the all the sadness.. This film was the wrong choice.",755,,,
Michael Clayton,March 2008,,756,,,
Divorzio all'Italiana,Fall 2006,,757,,,
L'avventura,March 2008,,758,,,
Un americano a Roma,March 2008,,759,,,
Blowup,March 2008,,760,,,
Romanzo Criminale,March 2008,,761,,,
Rocco e suoi fratelli,March 2008,,762,,,
There Will Be Blood,April 2008,,763,,,
Edipo Re,April 2008,,764,,,
Cloverfield,April 2008,,765,,,
Juno,April 2008,,766,,,
"Quo Vadis, Baby?",April 2008,,767,,,
Flawless,May 2008,,768,,,
Iron Man,May 2008,,769,,,
The Replacement Killers,May 2008,,770,,,
The Forbidden Kingdom,May 2008,,771,,,
Indiana Jones and the Kingdom of the Crystal Skull,May 2008,,772,,,
Lethal Weapon,May 2008,,773,,,
Pennies from Heaven,June 2008,,774,,,
Lethal Weapon 2,June 2008,,775,,,
Ercole al centro della terra,June 2008,Il primo film del tipo peplum che io abbia mai visto! Anche il primo film di Mario Bava,776,,,
Lethal Weapon 3,June 2008,,777,,,
Lethal Weapon 4,June 2008,,778,,,
Sedotta e abbandonata,June 2008,,779,,,
The 36th Chamber of Shaolin,June 2008,,780,,,
Russian Ark,June 2008,,781,,,
Pulse (Kairo),June 2008,,782,,,
Salvatore Giuliano,June 2008,,783,,,
Kung-fu Panda,June 2008,,784,,,
You Kill Me,June 2008,,785,,,
Suspiria,June 2008,,786,,,
"Se tu incontri Sartana, prega per la tua morte",June 2008,,787,,,
The Incredible Hulk,June 2008,,788,,,
I soliti ignoti,June 2008,,789,,,
Wall-E,June 2008,,790,,,
Nosferatu,July 2008,,791,,,
Night Watch,July 2008,,792,,,
Sabata,July 2008,,793,,,
Wanted,July 2008,,794,,,
Le notti di Cabiria,July 2008,Mi veniva piangere,795,,,
Legionnaire,July 2008,Il primo film col Signore Van Damme che io abbia mai visto,796,,,
Bound,July 2008,,797,,,
Hellboy II: The Golden Army,July 2008,,798,,,
Get Smart,July 2008,,799,,,
I tre volti della paura,July 2008,,800,,,
Ikiru,July 2008,Film 800?,801,,,
Beowulf (2008),July 2008,,802,,,
Night on Earth,July 2008,,803,,,
The Dark Knight,July 2008,,804,,,
Mona Lisa,July 2008,,805,,,
Mafioso,July 2008,,806,,,
Up the Yangtze,July 2008,,807,,,
Thief of Baghdad (1940),July 2008,,808,,,
Glengarry Glen Ross,July 2008,Film 808,809,,,
Ugetsu,August 2008,,810,,,
Thunderball,August 2008,,811,,,
Zulu,August 2008,,812,,,
Pickup on South Street,August 2008,,813,,,
Robinson Crusoe on Mars,August 2008,,814,,,
Le mani sulla citta',August 2008,,815,,,
Kind Hearts and Coronets,August 2008,,816,,,
The Mummy: Tomb of the Dragon Emperor,August 2008,,817,,,
Amarcord,August 2008,Film 818,818,,,
Pirates of the Carribbean: At World's End,September 2008,,819,,,
Sex drive,September 2008,,820,,,
Persepolis,October 2008,,821,,,
In Bruges,October 2008,,822,,,
The Fall,October 2008,First film  I saw with Linda. =),823,,,
Il Decamerone,October 2008,First Pasolini film I've seen,824,,,
America the Beautiful,October 2008,,825,,,
We are Wizards,November 2008,,826,,,
Sound of Music,November 2008,,827,,,
Burn After Reading,December 2008,,828,,,
Beverly Hills Cop,December 2008,,829,,,
Quantum of Solace,December 2008,,830,,,
The Big Lebowski,December 2008,,831,,,
Hard Target,December 2008,,832,,,
Timecop,December 2008,,833,,,
Street Fighter,December 2008,,834,,,
E la nave va,December 2008,,835,,,
Born in East LA,December 2008,,836,,,
My Cousin Vinny,December 2008,,837,,,
The Tale of Despereux,December 2008,,838,,,
The Curious Case of Benjamin Button,December 2008,L'ultimo film che ho visto quest'anno all cinema,839,,,
Monsieur Hulot's Holiday,December 2008,,840,,,
Kiss Kiss Bang Bang,January 2009,,841,,,
Vampyr,January 2009,,842,,,
Blood Simple,January 2009,,843,,,
Alexander Nevsky,January 2009,"Prokofiev battle scene, fantastic",844,,,
Slumdog Millionaire,January 2009,Primo film visto al cinema per l'anno 2009,845,,,
American History X,January 2009,I watched this with Linda and Natalie,846,,,
Twilight,February 2009,I saw this film on Valentine's day. Let's just leave it at that.,847,,,
Gomorra,February 2009,"The subtitle problem really marred viewing experience. Saw this with Linda, had to explain half the film unfortunately",848,,,
Watchmen,March 2009,I remember being weirded out by the unnecessarily long sex scene.  I recall going with Deb and someone else. Maybe Colin. Hurm. Memory fuzzy.,849,,,
Moulin Rouge,March 2009,Saw this with Linda,850,,,
Star Trek,May 2009,"The first film of the Summer 2009 season, I saw this 3 times. Once I saw this with Colin and then with someone else... I am curious as to with whom I saw this film. I recall Zed being there at one point.",851,,,
Angels and Demons,May 2009,I saw this with Jan in KC.,852,,,
Star Trek IV: The Voyage Home,May 2009,I saw this back in MO with Yu Yuan,853,,,
Star Trek II: Wrath of Khan,May 2009,I saw this back in MO with Yu Yuan,854,,,
Star Trek VI: The Undiscovered Country,May 2009,"Still my favorite next to Wrath of Kahn. Something about having to move on, accepting old age and world change that gets me",855,,,
Futurama: Bender's Big Score,May 2009,Not bad. Saw this with my dad..,856,,,
Drag Me to Hell,May 2009,Saw this in St. Louis with Yu Yuan,857,,,
Dante's Inferno,May 2009,Saw this late night on OVTV (Indie film channel?) Would like to see this again,858,,,
Up,June 2009,"I saw this in Pseudo-3d with Yu Yuan. Reminded me of Linda and me, our relationship dynamics. Switched. I'm the extrovert. She's the introvert.",859,,,
Star Trek III: The Search for Spock,June 2009,,860,,,
Star Trek: First Contact,July 2009,First film I watched entirely on YouTube,861,,,
Public Enemies,July 2009,,862,,,
Harry Potter and the Half-Blood Prince,July 2009,,863,,,
The Hurt Locker,August 2009,,864,,,
Star Trek: The Motion Picture,August 2009,,865,,,
Godzilla: Final Wars,August 2009,,866,,,
District 9,August 2009,,867,,,
Punisher: War Zone,August 2009,,868,,,
Inglourious Basterds,August 2009,,869,,,
Fast Food Nation,August 2009,,870,,,
The Informant!,September 2009,,871,,,
Il Divo,September 2009,,872,,,
Battle of the Bulge,September 2009,,873,,,
Terminator Salvation,September 2009,,874,,,
Barbarossa,October 2009,"First film I watched in Italy. Waste of a great Rutger Hauer performance. It's 300, the Lega Edition",875,,,
Il mio fratello e' un figlio unico,October 2009,,876,,,
Twilight: New Moon,November 2009,,877,,,
Taking of Pelham 123,December 2009,,878,,,
Sherlock Holmes (2009),December 2009,,879,,,
Avatar,December 2009,,880,,,
Up in the Air,January 2010,,881,,,
The Breakfast Club,January 2010,,882,,,
Anzio,January 2010,,883,,,
Generale della Rovere,January 2010,,884,,,
Danger Diabolik!,February 2010,The comic is still infinitely better. ,885,,,
Near Dark,February 2010,,886,,,
Mongol ,February 2010,First film I have seen that was in Mongolian,887,,,
The Land That Time Forgot,February 2010,,888,,,
The Inglorious Bastards,February 2010,,889,,,
Fear(s) of the Dark,February 2010,,890,,,
The Spirit,February 2010,,891,,,
On Her Majesty's Secret Service,February 2010,,892,,,
High Plains Drifter,March 2010,,893,,,
Death at  Funeral,March 2010,Note: Recommend the original. The remake of this will be horrible.,894,,,
OSS 117; Cairo Nest of Spies,March 2010,The Film that made we want to learn FRENCH!,895,,,
Django spara per primo,March 2010,"Il primo spaghetti western che io abbia visto in Italiano, senza sottotitoli",896,,,
The Phantom,March 2010,Il primo film Blu-ray,897,,,
Battle Beyond The Stars,March 2010,The first science fiction adaptation of Seven Samurai I saw,898,,,
Heathers,March 2010,,899,,,
Zombieland,April 2010,,900,,,
Gli amici del bar Margherita,May 2010,,901,,,
Il papa di Giovanna,May 2010,,902,,,
Si puo' fare,May 2010,,903,,,
Vincere,May 2010,,904,,,
Iron Man 2,May 2010,,906,,,
The Blade of the Ripper o lo strano vizio della signora Wardh,June 2010,,907,,,
Hard to Kill,June 2010,First Steven Seagal movie,908,,,
Twilight: Eclipse,July 2010,,909,,,
Predators,July 2010,,910,,,
La terra trema,November 2010,,911,,,
Bellissima,November 2010,,912,,,
True Grit,January 2011,,913,,,
Inception,January 2011,"Predicted the ending, I think my mind has been Philip K. Dicked too many times.",914,,,
Black Swan,January 2011,Saw with Ferguson,915,,,
The Other Guys,January 2011,I saw this with Jennifer. Rien ne va plus I think is the French title,916,,,
The Swindle,Spring 2011,"French film seen with Jennifer, title has ""rien""",917,,,
New Jack City,Spring 2011,"Spring break, first film seen on Amazon Prime free movie streaming",918,,,
"Io, l'altro",Spring 2011,,919,,,
Bilo il grand dakkhar,April 2011,,920,,,
Good Morning Aman,April 2011,,921,,,
Bianco e nero,April 2011,,922,,,
X-Men Origins: Wolverine,May 2011,"Horrible movie, I remember why I stopped watching it halfway through while I was in Italy. It moves too swiftly. Uneven. Suspension of belief fails to occur. All filler, no thriller",923,,,
Thor,May 2011,,924,,,
Il vangelo secondo Matteo,Summer 2010,Best Christ story I've seen in a while. I apparently forgot to note this film until now... ,925,,,
Harry Potter and the Deathly Hollows (Part 2),June 2011,Saw this with Natalie and Elisabeth. ,926,,,
Captain America: The First Avenger,July 2011,"Saw this with the guys, perhaps Tyler",927,,,
X-Men: First Class,July 2011,,928,,,
Midnight in Paris,August 2011,,929,,,
Il signore Max,Fall 2011,,930,,,
Vecchia guardia,Fall 2011,,931,,,
Cedar Rapids,Fall 2011,"Saw this film with Bryan, very melancholy day",932,,,
Uomini che mascalzoni!,October 2011,,933,,,
Lo squadrone bianco,Fall 2011,,934,,,
La signora di tutti,Fall 2011,,935,,,
Don't Be Afraid of the Dark,Fall 2011,Saw this film with Liz,936,,,
Immortals ,November 2011,"Saw this film with Liz. Upskirting of the gods, indeed. Tarsem Singh needs a better script",937,,,
The Spirit ,Summer 2010,,938,,,
Nessuno torna indietro,November 2011,,939,,,
Maddalena zero in condotta,November 2011,,940,,,
The Descendants,December 2011,"Saw this film with Dayna, we both thought it was mediocre",941,,,
Centurion,Fall 2011?,"Saw this film with Tyler, both thought it acceptable albeit gory",942,,,
Sharkes in Venice,Summer 2011,"Shark night with Sam's crew, made a funny joke about tenure",943,,,
"Tinker,  Tailor, Soldier Spy",January 2012,"Saw this with Sam, Mu Jeong, Bryan. That bloody version of La mer stuck in my head for weeks",944,,,
Haywire,January 2012,"First film I saw this year, with Elisabeth, rather fortunate that I saw it with her. It's good to know a martial artist. I learned about the triangle hold from this. Also... Why was the protagonist relating her life to the random stranger she kidnapped?",945,,,
Habemus Papam,Febbraio 2012,"First IISA film I have seen; very wonderfully shot, I cannot believe that I kept thinking of Celestine V as I watched this film",946,,,
The Artist,February 2012,"Saw this with Dayna, first time at Van Ness AMC, odd borrowing from Vertigo score, interesting film, many shout-outs, visiual references to the old stuff",947,,,
Drive,February 2012,I saw this with Tyler and Sam. Sam thought it was okay. I thought it was borderline pretentious. Ryan Gosling has apparently mistaken looking forlorn with acting.,948,,,
The Legend of the Fist: The Return of Chen Zhen,March 2012,"First film after the exam, this film was ridiculously nationalistic, pro-China. Hilariously slow. It felt like watching a relic from another age. I swear all the Japanese villain had to do was eat a small child and it would have been perfect.",949,,,
John Carter of Mars,March 2012,"Saw this film with Liz. We had fun. It was gorgeous but the script was weak and banal. I'm getting so tired of the hero who lost his ideals but will regain them again soon trope. Also, there's an awkward moment for a handshake.",950,,,
La passione,April 2012,Yucky May-December romance subplot,951,,,
The Cabin in the Woods,April 2012,"Saw this film with Liz, Left the theater in an exhuberant mood",952,,,
The Avengers,May 2012,Another film I saw with Liz and Jason. It was fun. High-quality popcorn fluff,953,,,
The Skin I Which I Live In,May 2012,"Saw this with Claudia and Daniele, I actually anticpated the twist before the end",954,,,
The Triumph of the Will,May 2012,"Woke up early in the morning, saw this film, found it disappointing with respect to other propaganda films",955,,,
1911,May 2012,Watched this film with Bryan. So painfully preachy and nationalistic.,956,,,
Dark Portals: The Chroncles of Vidocq,May 2012,"Disappointing ending, weird twist on the frame narrative. Didn't see it coming.",957,,,
"Uomini si nasce, Poliziotti si muore",June 2012,"THIS FILM WAS AMAZING! It was like Mulholland Falls but with more violence, sex. It was like a James Ellroy world.",958,,,
Men in Black III,June 2012,"Not bad saw this with Nat, paroxysms of joy at Strangelove references ",959,,,
The Rulers of the City,June 2012,Why does Italian cinema try to copy Starsky and Hutch? Jack Palance was the only cool spot in this film,960,,,
Nuovomondo (The Golden Door),June 2012,"Saw this as part of IISA series, MILK! Milk!",961,,,
The Visitors,June 2012,The first film in French I've ever seen which featured Jean Reno as protagonist,962,,,
Prometheus,June 2012,"Coincidentally ended up seeing this with Sam, Jason and Elisabeth were intentional.",963,,,
Brave,June 2012,Saw this with Liz and Linda,964,,,
Moonrise Kingdom,June 2012,Saw this with Ian and Jason; Its aesthetic was hipster quality,965,,,
The Thirteenth Floor,June 2012,Saw this with Bryan or at least half of it. I sort of guessed the solution,966,,,
Conan the Barbarian (2012),July 2012,"Horrible movie, formulaic and flat",967,,,
Kick Ass,July 2012,"Indulgent, passable, C",968,,,
Ed Wood,July 2012,"Saw this with Ian and Seriji and Jenna, inspirational film, thereapeutic",969,,,
The Dark Knight Rises,July 2012,Last movie I saw as 25-year-old,970,,,
Lonely Hearts,July 2012,First movie I saw as 26-year-old,971,,,
The Toxic Avenger,August 2012,First Troma film I've ever seen,972,,,
Ultimate Avengers,August 2012,"Absolutely terrible, infantile. However, several aspects were borrowed by the Whedon film. The Hulk/Capt. America fight was similar.",973,,,
This Must Be The Place,August 2012,The second Sorrentino film I've seen,974,,,
Beasts of the Southern Wild,August 2012,"Saw this with my dad. Pretentious, pseudo-orientalist tripe",975,,,
Piccolo Mondo Antico,August 2012,"Saw this with Jennifer, Emily. I loved hearing ""sciura"" and ""sciur""",976,,,
Killer Joe,August 2012,Not as funny as I thought it would be.,977,,,
Imago,August 2012,Aziz Tazi's major motion picture production,978,,,
The Imposter,September 2012,Wonderful true crime piece. ,979,,,
Lawless,September 2012,"Agonizingly mediocre. yet again, I've paid to see a movie where I can barely understand what Tom Hardy is saying",980,,,
Conan the Barbarian ,September 2012,"Saw this with Ian, Emily, Liz, Jenna and Ryan. A movie made of stares. I swear the dialogue in this film must have only taken up five pages.",981,,,
La bellezza del somaro,September 2012,So-so. Reminded me of Seventh Seal on Prozac,982,,,
Nausicca Valley of the Winds,September 2012,This reminded me of a first draft of Miyazaki's later work,983,,,
Castle in the Sky,September 2012,So-so. Better than Naussica. Yet another film I saw with Jason. It's nice to see how Miyazaki improved his formula through the years. He can never have just a main male protagonist I note. ,984,,,
Porco Rosso,September 2012,"Stayed up late on a ""school night."" I loved the ambiguous ending and the gratuitious italian. The love triangle, though not unwelcome, surprised me.",985,,,
Falling Down,September 2012,Watched this on Amazon Prime Instant Video in installments. Felt like a taste of the times,986,,,
Dredd 3D,September 2012,"Jason: ""Platonic ideal of violent and gory action movie""",987,,,
Italy: Love It or Leave It,October 2012,Met the directors. Nice chaps.,988,,,
7 Psychopaths,October 2012,Saw this with Jason and Damien. We wondered how the dog ended up witht he protagonist. A bit too cheekily self-conscious.,989,,,
Arbitrage,October 2012,"Saw this with Jason. Agonizingly formulaic or rather it's the pinnacle of the maximum you can reach if you play things by formula. The film clearly had these stilted moments. Painfully predictable. However, it was good a projecting a style or a mood. ""Hey, I'm black"" and ""What's an Applebee's"" were great moments.",990,,,
L'ultimo terrestre,October 2012,"Okay. Slightly misogynistic film. How many Italian films, recent ones, that I have seen, have devolved into anything but a family drama? Clunky moralism. It felt like a first film. I also gave the speech that introduced this film.",991,,,
Slither,October 2012,"Solid C+ or B grade horror film; I watched with Fergie and Emily (who wore a lovely dress and uncomfortable heels). I felt it was overrated, despite some wonderful body horror scenes. However, the romantic subplot was a welcome part. Of course, at the end, all I can say is MEAT.... MEAT. ",992,,,
The Man with the Iron Fists,November 2012,"Painfully bad acting, tons of cheesecake and casual misogyny, refreshing self-awareness of its own pulpy and trashy roots. Solid B film. I saw this with Jason. We both loved that the perverted British character got away fine.",993,,,
Il grande sogno,November 2012,"Eh, it was mediocre. It could have been better, but it wasn't terrible. Laura Morante is always enchanting.",994,,,
Cloud Atlas,November 2012,"I saw this with Jason. After it was over, we both regretted never having seen it sooner. I also catch a gag about cannibalism that appears in all the segments. ",995,,,
Skyfall,November 2012,"So-so Bond film. On second viewing, the ""old age""/""obsolete"" metaphors get a bit strong.",996,,,
Lincoln,November 2012,Felt like an old school historical film. For some reason I kept thinking David Lean or John Ford,997,,,
Species,November 2012,Note to future self: Do not make judgments when deprived of sleep,998,,,
C'e' chi dice no,November 2012,"IISA FIlm that I presented, missed ten minutes of it to talk to Linda. It's both sad and inspiring. Viva i pirati del merito",999,,,
Life of Pi,December 2012,Pretty. Acceptable. Saw this with Jason,1000,,,
Wreck-It Ralph,December 2012,"Not bad. High quality schmaltz. I saw this with Liz, right person for it, as she's one of the few in my immediate circle who would get the obscure arcade game references. ""Sweet ride"" incident.",1001,,,
The Hobbit,December 2012,,1002,,,
Wonder Woman,December 2012,"I saw this on Netflix. Not as bad as I thought it would be. Enjoyable, albeit with disgusting amount of fanservice",1003,,,
Django Unchained,December 2012,I saw this with Emily. Great pulp. Disturbing attitude on violence,1004,,,
Gangster Squad,January 2013,"As historically accurate as the Chanson De Roland. A film that was all glitz and glamor and no soul. Unintentionally hilarious scene in which Christmas decorations are destroyed by machine gun fire. Of course, it was in slow motion.",1005,,,
Looper,January 2013,I watched this on the flight to London,1006,,,
Detective Dee and the Mystery of the Phantom Flame,March 2013,"Barely remember this. Watched dubbed version in Italian. Rather dark in how once again personal liberty is subordinate to an authoritarian sense of stability. In short, state stability trumps individual freedom.",1007,,,
THe Adventures of Tintin,March 2012,Saw this with Natalie and Lucy. Forgot to record this. ,1008,,,
Io sono Li,March 2013,"Okay film, glorious linguistic mixture. I forgot how euphonic Venetian could be",1009,,,
Dead Man Down,March 2013,"So-so, I'm glad I chose to watch this in Italian. Only one good moment And once again, F. Murray Abraham was in a film I saw in a theater in Italy! ""Il sapore della vendetta"" is the Italian title",1010,,,
Un giorno devi andare,April 2013,"A film with a well-defined female dimension, reminded me of Terence Malick",1011,,,
I mostri,April 2013,Hilarious,1012,,,
Arsene Lupin,April 2013,"Not bad. Watching a French film with Italian subtitles is always a riot. Also, Kristin Scott Thomas... yowza",1013,,,
Iron Man 3,April 2013,Saw this with ketty in Bologna,1014,,,
Hyde Park on Hudson,April 2013,This felt like a good Hallmark movie. And FDR was quite a player,1015,,,
"Maxed Out: Hard Times, Easy Credit and the Era of Predatory Lenders",May 2013,Elizabeth Warren presented cogent arguments. Grim and depressing,1016,,,
Death Race 2000,May 2013,Lovely film. Pure explotation goodness,1017,,,
Confessions of a Superhero,May 2013,Nice film with delusional actors... I met the Superman guy when we went to Graumann's Theater,1018,,,
The Great Gatsby,May 2013,"All glitz, serviceable, Daisy was an annoying deer in headlights character. No agency of her own, woman on a pedestal. I'm not sure that the 3D was entirely justified.",1019,,,
GI Joe Retaliation,May 2013,"Saw this wth Brian and Tammy. Acceptable film, felt cookie-cutter",1020,,,
The Naked Gun 2,May 2013,Adequate,1021,,,
Star Trek Into Darkness,May 2013,Dumb in hindsight,1022,,,
Fast and Furious 6,May 2013,Boring,1023,,,
Man of Steel,June 2013,DARK KNIGHTIFIED.... ,1024,,,
White House Down,June 2013,FORMULAICALLY PAINFUL,1025,,,
Pacific Rim,July 2013,FUN. A stupid movie for smart people,1026,,,
Killing Them Softly,July 2013,We get it. The world is cruel. America is founded on capitalist delusion. ,1027,,,
Spring Breakers,July 2013,Exquisite and pleasing mindfuck,1028,,,
The Conjuring,July 2013,Quality formulaic,1029,,,
The Bling Ring,July 2013,This felt like a period piece. Emma Watson acquits herself with aplomb.,1030,,,
The Wolverine,July 2013,Awful. Did the villainess implicitly say she was immune to Wolverine's charm because she was gay? This felt like Wolverine: The Sabbatical or Wolverine: My Summer Vacation. Unmemorable. Not even passable. I saw this with Emily.,1031,,,
Elysium,August 2013,"Great style, great pacing, terrible plot, modern update of Metropolis",1032,,,
Blackfish,August 2013,"Cheesy, raised interesting questions but questions it did not answer. For example, why the hell did we ever get the idea of riding killer whales? I mean... they're FUCKING APEX PREDATORS!!!",1033,,,
The Act of Killing,August 2013,Delightfully chilling... most unnerving film I've seen in a while.,1034,,,
Octopussy,August 2013,"Tired, Moore was a bit too old but he gave it the old college try. It wasn't enough to save the film. He really did dress up like a clown in this one, and then he disguised himself as a clown.",1035,,,
In A World,August 2013,"The protagonist reminded me of someone I knew, Stephanie Kozikowski. Cute, ""empowering"".",1036,,,
Kick Ass 2,August 2013,"Mediocre. It felt digustingly juvenile, a betrayal of something better. Also, that kiss at the end left me feeling sick. Completely undid the character. ",1037,,,
Miss Representation,August 2013,Painfully cogent documentary. So glad I'm a dude,1038,,,
The World's End,August 2013,Hilarious and painful. A cute film. A good date movie for my kind of gal.,1039,,,
You're Next,August 2013,"Horrifying, interesting class element sort of underplayed. Also, one of the antagonists reminded me of Chris from the Classics Dept. That actually made the film more enjoyable. ",1040,,,
Live and Let Die,August 2013,"Fascinatingly dated, improves upon the book, Yaphet Kotto gives a delightfully manic performance. ",1041,,,
Prisoners,September 2013,"Fine film, felt like a glossy paperback thriller, well-made. The audience in the theater was a bit disruptive.",1042,,,
Gravity,October 2013,"Fine film... well, visually.. Well, as I've said before elsewhere, it was visually stunning but upon further examination has sort of a conventional story and relies on character arcs that you've seen before (e.g. the rookie who becomes the veteran or mentor figure, a transformation signaled through changes in habits and appropriation of catch-phrases). Formula isn't bad per se. It just felt at times I could see the seams where the pieces joined together.

The physics (though far from accurate) were quite stellar especially compared to Star Wars/Trek. It's nice to have silent space. 

The ending was egergiously heavy-handed. I was tempted to yell, ""SYMBOLISM!"" with arms raised skyward at the end of it all.

Addendum: The George Clooney cameo later in the film starring George Clooney really is quite jarring. Once you see the film, you'll understand why I phrased it thusly.",1043,,,
Reality,October 2013,"Delightful tragicomedy on our obsessin with spetactle. Mesmerizing use of color. Nice double subtitles. ""Contestants"" translated as ""protagonists"" in subtitles at one point.",1044,,,
Salo',October 2013,I saw this on Halloween with Jason. ,1045,,,
Olympus Has Fallen,December 2013,North Korea? Really?,1046,,,
The Hobbit: Desolation of Smaug,December 2013,An accurate testament to the failed administratiion of Thorin. They tried too hard to make Legolas look like a badass,1047,,,
La grande bellezza,December 2013,"Awesome film. it's a film that's experienced. It's clear that Sorrentino is now working on a recurring theme. Men past the midway point trying to rejuvenate themselves, coming to terms with the past.  Soundtrack keeps coming back to my mind recently.",1048,,,
The Lone Ranger,December 2013,"t felt like Baby's First Spaghetti western or the kiddie version of a hard western. There were several shots and elements recycled from more adult or grittier. There were the shots of Monument Valley. There was the cruel forced march in the desert. There was the sing-along forced at gunpoint. There was the revenge plot, recognition via material objects/tokens. There was the magical realist element of it all. The frame story. Yes,  it was the neutered version of something that could have been fantastic. Odd, for a Disney film, it borrowed so many elements from darker. The Western is dead, because that West has been laid to rest. I bei giorni non ci sono e non ci sono mai stati. Johnny Depp felt badly miscast in the film. Also, the hero failed to save anyone and struck me as being unmemorable. It was the WASP tolerable version of the West, of the ethnic divides. It's weird that there were ethnic characters... at least this West was not whitewashed. It wasn't an utter disaster, but it wasn't anything worth recommending. Other than to my dad. ",1049,,,
Pain and Gain,December 2013,Better than it has any right to be. ,1050,,,
Her,December 2013,Saw this with Avy. Strange that it reminded me of my long-distance relationship ,1051,,,
Les avventures extraordinaires d'Adele blanc-sec,January 2014,"Jean-Pierre Jeunet Light, saw this as the calendar changed over",1052,,,
Frozen,January 2014,"I saw this with Linda in New York. The plot was good but the songs, the melodies were hardly memorable. Fearless Leader concurred.",1053,,,
The Stuff,February 2014,Delightful B-movie. The Stuff looks amazing.,1054,,,
Lego Movie,March 2014,Everything was awesome.,1055,,,
18 Ius Solis,March 2014,The director presented this film. It was another usual soft attempt at prop,1056,,,
300: Rise of an Empire,March 2014,Stylized violence and subdued homoeroticism! Delightfully offensive and subversive on several levels. I cannot help but think the director was making fun of us or rather the type of audience that would love this movie.,1057,,,
"Elvira, Mistress of the Dark",March 2014,"Every other line was a double entendre. Priceless. Thank you, Scott Bishop. This film had a heart.",1058,,,
The Grand Budapest Hotel,March 2014,Schmaltzy. Jason said it was quite maudlin. ,1059,,,
The Last Stand,March 2014,"A great 1990s action film made in the 2010s. Also, it felt like someone re-wrote a western. I wonder if that Arpaio chap has this as a wet dream",1060,,,
The Expendables 2,March 2014,"Another great 1980s action film. Hilariously flat charaterization and celebratory referentiality (this film could not exist without the reputation of its actors preceding them, e.g. Arnold and Bruce using each other's catchphrases)",1061,,,
Captain America: The Winter Soldier,April 2014,I saw this the day before my first QE,1062,,,
Godzilla (2014),May 2014,I saw this with Ferguson the weekend before my orals. Godzilla was a guest start in his own movie.,1063,,,
Gojira (1954),May 2014,I saw this the day before my orals.,1064,,,
Only Lovers Left Alive,May 2014,I enjoyed this film. I love movies about immortals. I love movies about people in long-term relationships. I hate films about relationships just starting up. Starting is easy. Enduring is hard.,1065,,,
X-Men: Days of Future Past,May 2014,"Okay, saw this with Scheibel. We both realized the plot made no sense. It had some nice set pieces, though.",1066,,,
Edge of Tomorrow,June 2014,"Odd this came out on D-day, given landing imagery. Surprisingly good",1067,,,
"Buongiorno, Presidente",June 2014,"I enjoyed this film. However, the may-december pairing was a bit of a turn-off. The film had surprising depth to it.",1068,,,
Vogliamo anche le rose,June 2014,"I am glad I am a man. Also, Italy really needs a feminist revolution. The documentary footage got in the way at times of the narrative. Really chilling interview with Sicilian woman who accepts her subjugations.",1069,,,
How To Train Your Dragon,June 2014,"Entertaining, lovely score. I wonder what the story would be like if told from Astrid's point of view.",1070,,,
Il compagno don Camillo,June 2014,Enjoyable Catholic apologist comedy. The actor who played Don Camillo is a comic genius.,1071,,,
How To Train Your Dragon 2,July 2014,"I saw this with Sara, Zac, and Caterina. Great care and attention was given in animating and designing the dragons. It was clear that they had more money. ",1072,,,
Girlfriend in a Coma,July 2014,"Grating but a good introduction to some issues currently affecting Italy.. the animation was very disturbing. It was also weird watching this film with so many Italians abroad, so many of that young brain drain generation. ",1073,,,
"Buongiorno, Notte",July 2014,"Depressing, felt like a stage play, a bit pretentious",1074,,,
Snowpiercer,July 2014,"Amazing, good comp. lit paper in the making. Saw this with Emily. She loved it. One of the best movies I have seen this year.",1075,,,
Il sangue verde,July 2014,Last movie I saw as a 27 year-old,1076,,,
Aprile,July 2014,This film felt drawn out. It seemed to advocate an anti-politica. ,1077,,,
Guardians of the Galaxy,August 2014,It was like Star Wars with no Luke Skywalker but a crew consisting only of Han Solos and Chebaccas. Or it was the best episode of Farscape/Firefly ever made.,1078,,,
Noah,August 2014,Saw this dubbed in Italian on my way to New York. Quite a trippy experience. Aronofsky attempts to be big budget Pasolini,1079,,,
The Muppets,August 2014,Cute but weird in Italian,1080,,,
The Monuments Men,August 2014,Best 1940s war movie made in the 2000s.,1081,,,
Sole a catinelle,September 2014,A fun light-hearted film. Good fluff is still fluff. ,1082,,,
Sin City: A Dame To Kill For,September 2014,"Eva Green! EVA GREEN! Also, I saw this with Avy.",1083,,,
War of the Worlds: Goliath,September 2014,"First animated film I saw from Malaysia. It felt like the beginning or aborted pilot of a tv series. The guy really loved explosions and gore. Also, Theodore Roosevelt as a martian war hero.",1084,,,
L'arbitro,September 2014,"GOL! This film felt cobbled together. The high music, lovely cinematography mixed with the low scenes, this film was glorious grotesque. Also, fun hearing a Sardinian accent again.",1085,,,
Rampage: Capital Punishment ,September 2014,"Disturbing, meant to provoke, meant to antagonize. Uwe Boll is truly the heir of the grindhouse tradition.",1086,,,
The Killing,September 2014,,1087,,,
Barry Lyndon,October 2014,,1088,,,
The Shining,October 2014,,1089,,,
Il capitale umano,October 2014,,1090,,,
John Wick,November 2014,1,1091,,,
Dear White People,November 2014,,1092,,,
Birdman,November 2014,,1093,,,
Le cose belle,November 2014,,1094,,,
Smetto quando voglio,Dicembre 2014,,1095,,,
Zero Motivation,Dicembre 2014,"Enjoyable war film, even with attempted rape",1096,,,
Fedele alla linea,Dicembre 2014,Germano Maccioni was there to present his film. ,1097,,,
The Hobbit: Battle of the Five Armies,Dicembre 2014,Not worth it,1098,,,
Iron Sky,Gennaio 2015,It's a movie full of discount versions of different actors. Even discount versions of what could be called acting. Fun special effects.,1099,,,
Five Graves to Cairo,Febbraio 2015,"Anne Bancroft's adorable French accent. Strangely grim ending. It suffered, for better or wors,e from Billy Wilderism.",1100,,,
Inherent Vice,Febbraio 2015,"An amazing adaptation of the Pynchon novel, light, trippy, it felt like a time and place. ",1101,,,
Jupiter Ascending,Febbraio 2015,A collage of a mess of a movie. Other than Eddie Reddmayne no one seemed to be the right fit for the movie. I did love the capitalism angle.,1102,,,
L'arte della felicita',Marzo 2015,A bit New Agey but some powerful moments. It also reminded me of NIght on Earth by Jarmusch,1103,,,
La grande guerra,Marzo 2015,"Stunning, the comic and the tragic as in life are found side-by-side.",1104,,,
What We Do In The Shadows,Marzo 2015,"I went to see this film with Bianca, Jason, Gianmarco and Chiara. The Italian coalition. ",1105,,,
Wild Tales,Marzo 2015,I enjoyed this film immensely. ,1106,,,
71,Marzo 2015,An okay action film. Good sense of place. Ambitious given what was probably a small budget,1107,,,
Noi vogliamo i colonelli,Aprile 2015,Splendid little film. To think that it was made when certain things were going on in Italy. Misogyny was a bit much.  I really enjoyed this film. ,1108,,,
Kumiko,Aprile 2015,This was hilariously dark. This film was a lovely twist on the usual quirky dreamer story.,1109,,,
Ex Machina,Aprile 2015,Dreamy. Mesmerizing. Nice shout out to Noam Chomsky,1110,,,
Noi Credevamo,Aprile 2015,"Convoluted, bloated in parts, storyline difficult to follow but there were some high moments. An American counterpart would have ended with everybody living happily ever after, never having doubted the mission. ",1111,,,
Natural Born Killers,April 2015,This film was the 90s. ,1112,,,
This is Spinal Tap,April 2015,,1113,,,
Avengers: Age of Ultron,Maggio 2015,"I could not get over the Olsen dame's awful accent. I saw this with John Steinbach. We both joked about there being a Kevin James movie trailer or lowbrow comedy movie trailer before the film. Lo and behold, there was a trailer for Pixels.. starring Kevin James. Awful ad for Pitch Perfect 2",1114,,,
Mad Max: Fury Road,Maggio 2015,Impressive. Most impressive. I saw this with Emily and Ian,1115,,,
The Road Warrior,Maggio 2015,"Impressive, especially given the slightly nicer than new shoestring budget they had when making this film.",1116,,,
Django,Giugno 2015,That theme is so damn catchy. ,1117,,,
The Great Silence,Giugno 2015,"I like both endings, but the original ending was quite pleasing.",1118,,,
Spy,Giugno 2015,I saw this with Linda in the theater. It was quite enjoyable. Best spy spoof in a long while.,1119,,,
,Giugno 2015,,1120,,,
,Giugno 2015,,1121,,,
,Giugno 2015,,1122,,,
,,,1123,,,
,,,1124,,,
,,,1125,,,
,,,1126,,,
,,,1127,,,
,,,1128,,,